date, value
4/1/1971,7.29
5/1/1971,7.46
6/1/1971,7.54
7/1/1971,7.69
8/1/1971,7.69
9/1/1971,7.67
10/1/1971,7.63
11/1/1971,7.51
12/1/1971,7.48
1/1/1972,7.4
2/1/1972,7.31
3/1/1972,7.23
4/1/1972,7.33
5/1/1972,7.4
6/1/1972,7.38
7/1/1972,7.4
8/1/1972,7.42
9/1/1972,7.43
10/1/1972,7.42
11/1/1972,7.44
12/1/1972,7.45
1/1/1973,7.43
2/1/1973,7.45
3/1/1973,7.49
4/1/1973,7.56
5/1/1973,7.7
6/1/1973,7.76
7/1/1973,8.18
8/1/1973,8.66
9/1/1973,8.85
10/1/1973,8.68
11/1/1973,8.55
12/1/1973,8.56
1/1/1974,8.52
2/1/1974,8.42
3/1/1974,8.41
4/1/1974,8.73
5/1/1974,9.03
6/1/1974,9.1
7/1/1974,9.42
8/1/1974,9.74
9/1/1974,10.03
10/1/1974,9.94
11/1/1974,9.72
12/1/1974,9.56
1/1/1975,9.29
2/1/1975,9.02
3/1/1975,8.86
4/1/1975,8.84
5/1/1975,8.89
6/1/1975,8.9
7/1/1975,8.89
8/1/1975,9.02
9/1/1975,9.14
10/1/1975,9.24
11/1/1975,9.11
12/1/1975,9.09
1/1/1976,8.9
2/1/1976,8.75
3/1/1976,8.75
4/1/1976,8.75
5/1/1976,8.78
6/1/1976,8.9
7/1/1976,8.98
8/1/1976,9
9/1/1976,8.97
10/1/1976,8.9
11/1/1976,8.8
12/1/1976,8.78
1/1/1977,8.73
2/1/1977,8.65
3/1/1977,8.7
4/1/1977,8.78
5/1/1977,8.85
6/1/1977,8.88
7/1/1977,8.93
8/1/1977,8.93
9/1/1977,8.9
10/1/1977,8.9
11/1/1977,8.93
12/1/1977,9
1/1/1978,9.05
2/1/1978,9.15
3/1/1978,9.25
4/1/1978,9.43
5/1/1978,9.68
6/1/1978,9.73
7/1/1978,9.75
8/1/1978,9.8
9/1/1978,9.78
10/1/1978,9.88
11/1/1978,10.28
12/1/1978,10.38
1/1/1979,10.4
2/1/1979,10.4
3/1/1979,10.45
4/1/1979,10.53
5/1/1979,10.75
6/1/1979,11.1
7/1/1979,11.08
8/1/1979,11.13
9/1/1979,11.35
10/1/1979,12
11/1/1979,12.9
12/1/1979,12.9
1/1/1980,12.89
2/1/1980,13.59
3/1/1980,16.03
4/1/1980,16.25
5/1/1980,13.2
6/1/1980,12.35
7/1/1980,12.18
8/1/1980,12.95
9/1/1980,13.43
10/1/1980,14
11/1/1980,14.28
12/1/1980,14.95
1/1/1981,15.07
2/1/1981,15.3
3/1/1981,15.4
4/1/1981,15.77
5/1/1981,16.8
6/1/1981,16.62
7/1/1981,17.11
8/1/1981,17.48
9/1/1981,18.36
10/1/1981,18.44
11/1/1981,17.21
12/1/1981,17.04
1/1/1982,17.59
2/1/1982,17.52
3/1/1982,17.04
4/1/1982,16.81
5/1/1982,16.63
6/1/1982,16.73
7/1/1982,16.65
8/1/1982,15.88
9/1/1982,15.19
10/1/1982,14.15
11/1/1982,13.77
12/1/1982,13.57
1/1/1983,13.1
2/1/1983,12.98
3/1/1983,12.86
4/1/1983,12.73
5/1/1983,12.68
6/1/1983,12.96
7/1/1983,13.65
8/1/1983,13.78
9/1/1983,13.65
10/1/1983,13.43
11/1/1983,13.43
12/1/1983,13.43
1/1/1984,13.29
2/1/1984,13.25
3/1/1984,13.55
4/1/1984,13.73
5/1/1984,14.08
6/1/1984,14.5
7/1/1984,14.67
8/1/1984,14.38
9/1/1984,14.26
10/1/1984,14.05
11/1/1984,13.42
12/1/1984,13.14
1/1/1985,12.96
2/1/1985,12.94
3/1/1985,13.29
4/1/1985,13.12
5/1/1985,12.71
6/1/1985,12.15
7/1/1985,12.03
8/1/1985,12.11
9/1/1985,12.17
10/1/1985,12.07
11/1/1985,11.58
12/1/1985,11.09
1/1/1986,10.89
2/1/1986,10.51
3/1/1986,10.1
4/1/1986,9.86
5/1/1986,10.38
6/1/1986,10.62
7/1/1986,10.4
8/1/1986,9.93
9/1/1986,10.1
10/1/1986,9.89
11/1/1986,9.5
12/1/1986,9.29
1/1/1987,9.08
2/1/1987,9.07
3/1/1987,9.03
4/1/1987,10.37
5/1/1987,10.7
6/1/1987,10.35
7/1/1987,10.27
8/1/1987,10.33
9/1/1987,11.02
10/1/1987,10.97
11/1/1987,10.55
12/1/1987,10.61
1/1/1988,10.16
2/1/1988,9.87
3/1/1988,9.99
4/1/1988,10.28
5/1/1988,10.58
6/1/1988,10.4
7/1/1988,10.49
8/1/1988,10.67
9/1/1988,10.42
10/1/1988,10.22
11/1/1988,10.39
12/1/1988,10.77
1/1/1989,10.6
2/1/1989,10.78
3/1/1989,11.19
4/1/1989,11.03
5/1/1989,10.5
6/1/1989,10.07
7/1/1989,9.81
8/1/1989,10.21
9/1/1989,10.16
10/1/1989,9.82
11/1/1989,9.74
12/1/1989,9.78
1/1/1990,10.05
2/1/1990,10.31
3/1/1990,10.22
4/1/1990,10.56
5/1/1990,10.33
6/1/1990,10.15
7/1/1990,9.98
8/1/1990,10.24
9/1/1990,10.22
10/1/1990,10.17
11/1/1990,9.9
12/1/1990,9.68
1/1/1991,9.61
2/1/1991,9.29
3/1/1991,9.52
4/1/1991,9.53
5/1/1991,9.45
6/1/1991,9.67
7/1/1991,9.5
8/1/1991,9.15
9/1/1991,8.92
10/1/1991,8.91
11/1/1991,8.7
12/1/1991,8.35
1/1/1992,8.68
2/1/1992,8.83
3/1/1992,8.98
4/1/1992,8.85
5/1/1992,8.6
6/1/1992,8.43
7/1/1992,8.05
8/1/1992,8.01
9/1/1992,8.02
10/1/1992,8.21
11/1/1992,8.29
12/1/1992,8.14
1/1/1993,7.86
2/1/1993,7.53
3/1/1993,7.5
4/1/1993,7.43
5/1/1993,7.5
6/1/1993,7.34
7/1/1993,7.25
8/1/1993,6.97
9/1/1993,6.95
10/1/1993,6.86
11/1/1993,7.31
12/1/1993,7.13
1/1/1994,6.97
2/1/1994,7.32
3/1/1994,7.8
4/1/1994,8.32
5/1/1994,8.53
6/1/1994,8.46
7/1/1994,8.57
8/1/1994,8.56
9/1/1994,8.82
10/1/1994,9.03
11/1/1994,9.25
12/1/1994,9.18
1/1/1995,9.13
2/1/1995,8.73
3/1/1995,8.38
4/1/1995,8.26
5/1/1995,7.85
6/1/1995,7.53
7/1/1995,7.79
8/1/1995,7.88
9/1/1995,7.62
10/1/1995,7.45
11/1/1995,7.35
12/1/1995,7.11
1/1/1996,7
2/1/1996,7.32
3/1/1996,7.69
4/1/1996,7.92
5/1/1996,8.03
6/1/1996,8.29
7/1/1996,8.19
8/1/1996,8.09
9/1/1996,8.16
10/1/1996,7.86
11/1/1996,7.52
12/1/1996,7.64
1/1/1997,7.88
2/1/1997,7.65
3/1/1997,7.97
4/1/1997,8.08
5/1/1997,7.94
6/1/1997,7.58
7/1/1997,7.43
8/1/1997,7.58
9/1/1997,7.28
10/1/1997,7.21
11/1/1997,7.17
12/1/1997,6.99
1/1/1998,7.12
2/1/1998,7.09
3/1/1998,7.08
4/1/1998,7.15
5/1/1998,7.07
6/1/1998,6.96
7/1/1998,6.97
8/1/1998,6.92
9/1/1998,6.64
10/1/1998,6.83
11/1/1998,6.78
12/1/1998,6.83
1/1/1999,6.74
2/1/1999,6.89
3/1/1999,6.98
4/1/1999,6.93
5/1/1999,7.23
6/1/1999,7.63
7/1/1999,7.7
8/1/1999,7.8
9/1/1999,7.76
10/1/1999,7.96
11/1/1999,7.75
12/1/1999,8.06
1/1/2000,8.25
2/1/2000,8.31
3/1/2000,8.23
4/1/2000,8.13
5/1/2000,8.62
6/1/2000,8.22
7/1/2000,8.13
8/1/2000,7.99
9/1/2000,7.88
10/1/2000,7.68
11/1/2000,7.73
12/1/2000,7.13
1/1/2001,7.15
2/1/2001,7.12
3/1/2001,6.91
4/1/2001,7.12
5/1/2001,7.2
6/1/2001,7.11
7/1/2001,7.03
8/1/2001,6.92
9/1/2001,6.72
10/1/2001,6.64
11/1/2001,7.02
12/1/2001,7.16
1/1/2002,6.96
2/1/2002,6.81
3/1/2002,7.18
4/1/2002,6.88
5/1/2002,6.76
6/1/2002,6.55
7/1/2002,6.34
8/1/2002,6.22
9/1/2002,5.99
10/1/2002,6.31
11/1/2002,6.13
12/1/2002,5.93
1/1/2003,5.9
2/1/2003,5.79
3/1/2003,5.91
4/1/2003,5.79
5/1/2003,5.31
6/1/2003,5.24
7/1/2003,5.94
8/1/2003,6.32
9/1/2003,5.98
10/1/2003,5.94
11/1/2003,5.89
12/1/2003,5.85
1/1/2004,5.68
2/1/2004,5.58
3/1/2004,5.4
4/1/2004,6.01
5/1/2004,6.32
6/1/2004,6.25
7/1/2004,6.08
8/1/2004,5.82
9/1/2004,5.72
10/1/2004,5.64
11/1/2004,5.72
12/1/2004,5.81
1/1/2005,5.66
2/1/2005,5.69
3/1/2005,6.04
4/1/2005,5.78
5/1/2005,5.65
6/1/2005,5.53
7/1/2005,5.77
8/1/2005,5.77
9/1/2005,5.91
10/1/2005,6.15
11/1/2005,6.28
12/1/2005,6.22
1/1/2006,6.12
2/1/2006,6.26
3/1/2006,6.35
4/1/2006,6.58
5/1/2006,6.62
6/1/2006,6.78
7/1/2006,6.72
8/1/2006,6.44
9/1/2006,6.31
10/1/2006,6.4
11/1/2006,6.14
12/1/2006,6.18
1/1/2007,6.25
2/1/2007,6.22
3/1/2007,6.16
4/1/2007,6.16
5/1/2007,6.42
6/1/2007,6.67
7/1/2007,6.69
8/1/2007,6.45
9/1/2007,6.42
10/1/2007,6.33
11/1/2007,6.1
12/1/2007,6.17
1/1/2008,5.68
2/1/2008,6.24
3/1/2008,5.85
4/1/2008,6.03
5/1/2008,6.08
6/1/2008,6.45
7/1/2008,6.52
8/1/2008,6.4
9/1/2008,6.09
10/1/2008,6.46
11/1/2008,5.97
12/1/2008,5.1
1/1/2009,5.1
2/1/2009,5.07
3/1/2009,4.85
4/1/2009,4.78
5/1/2009,4.91
6/1/2009,5.42
7/1/2009,5.25
8/1/2009,5.14
9/1/2009,5.04
10/1/2009,5.03
11/1/2009,4.78
12/1/2009,5.14
1/1/2010,4.98
2/1/2010,5.05
3/1/2010,4.99
4/1/2010,5.06
5/1/2010,4.78
6/1/2010,4.69
7/1/2010,4.54
8/1/2010,4.36
9/1/2010,4.32
10/1/2010,4.23
11/1/2010,4.4
12/1/2010,4.86
1/1/2011,4.8
2/1/2011,4.95
3/1/2011,4.86
4/1/2011,4.78
5/1/2011,4.6
6/1/2011,4.51
7/1/2011,4.55
8/1/2011,4.22
9/1/2011,4.01
10/1/2011,4.1
11/1/2011,3.98
12/1/2011,3.95
1/1/2012,3.98
2/1/2012,3.95
3/1/2012,3.99
4/1/2012,3.88
5/1/2012,3.75
6/1/2012,3.66
7/1/2012,3.49
8/1/2012,3.59
9/1/2012,3.4
10/1/2012,3.41
11/1/2012,3.32
12/1/2012,3.35
1/1/2013,3.53
2/1/2013,3.51
3/1/2013,3.57
4/1/2013,3.4
5/1/2013,3.81
6/1/2013,4.46
7/1/2013,4.31
8/1/2013,4.51
9/1/2013,4.32
10/1/2013,4.1
11/1/2013,4.29
12/1/2013,4.48
1/1/2014,4.32
2/1/2014,4.37
3/1/2014,4.4
4/1/2014,4.33
5/1/2014,4.12
6/1/2014,4.14
7/1/2014,4.12
8/1/2014,4.1
9/1/2014,4.2
10/1/2014,3.98
11/1/2014,3.97
12/1/2014,3.87
1/1/2015,3.66
2/1/2015,3.8
3/1/2015,3.69
4/1/2015,3.68
5/1/2015,3.87
6/1/2015,4.02
7/1/2015,3.98
8/1/2015,3.84
9/1/2015,3.86
10/1/2015,3.76
11/1/2015,3.95
12/1/2015,4.01
1/1/2016,3.79
2/1/2016,3.62
3/1/2016,3.71
4/1/2016,3.66
5/1/2016,3.64
6/1/2016,3.48
7/1/2016,3.48
8/1/2016,3.43
9/1/2016,3.42
10/1/2016,3.47
11/1/2016,4.03
12/1/2016,4.32
1/1/2017,4.19
2/1/2017,4.16
3/1/2017,4.14
4/1/2017,4.03
5/1/2017,3.95
6/1/2017,3.88
7/1/2017,3.92
8/1/2017,3.82
9/1/2017,3.83
10/1/2017,3.94
11/1/2017,3.9
12/1/2017,3.99
1/1/2018,4.15
2/1/2018,4.4
3/1/2018,4.44
4/1/2018,4.58
5/1/2018,4.56
6/1/2018,4.55
7/1/2018,4.54
8/1/2018,4.52
9/1/2018,4.72
10/1/2018,4.86
11/1/2018,4.81
12/1/2018,4.55
1/1/2019,4.46
2/1/2019,4.35
3/1/2019,4.06
4/1/2019,4.2
5/1/2019,3.99
6/1/2019,3.73
7/1/2019,3.75
8/1/2019,3.58
9/1/2019,3.64
10/1/2019,3.78
11/1/2019,3.68
12/1/2019,3.74
1/1/2020,3.51
2/1/2020,3.45
3/1/2020,3.5
4/1/2020,3.23
5/1/2020,3.15
6/1/2020,3.13
7/1/2020,2.99
8/1/2020,2.91
9/1/2020,2.9
10/1/2020,2.81
11/1/2020,2.72
12/1/2020,2.67
1/1/2021,2.73
2/1/2021,2.97
3/1/2021,3.17
4/1/2021,2.98
5/1/2021,2.95
6/1/2021,3.02
7/1/2021,2.8
8/1/2021,2.87
9/1/2021,3.01
10/1/2021,3.14
11/1/2021,3.1
12/1/2021,3.11
1/1/2022,3.55
2/1/2022,3.89
